{"cameraMode":{"drawMode":0,"name":"Shaded","section":"Shading Mode"},"sceneLighting":false,"audioPlay":false,"sceneViewState":{"showFog":true,"showMaterialUpdate":true,"showSkybox":true,"showFlares":true,"showImageEffects":true,"showParticleSystems":true},"in2DMode":false,"pivot":{"x":-14.369343757629395,"y":-6.66749382019043,"z":-4.824465274810791},"rotation":{"x":-0.19404622912406922,"y":0.7339224815368652,"z":-0.23453573882579804,"w":-0.6072126030921936},"size":14.319465637207032,"orthographic":false}